{
  "missingJwt": {
    "status": 401,
    "body": "{\"message\":\"Unauthorized\"}"
  },
  "invalidJwt": {
    "status": 401,
    "body": "{\"message\":\"Invalid token\"}"
  },
  "rbac": {
    "noRole": {
      "status": 401,
      "body": "{\"message\":\"Unauthorized\"}"
    },
    "volunteer": {
      "status": 403,
      "body": "{\"message\":\"Forbidden\"}"
    },
    "lgu": {
      "status": 200,
      "body": "{\"ok\":true}"
    }
  },
  "limiter": {
    "statuses": [
      200,
      200,
      200,
      200,
      200,
      200,
      200,
      200,
      200,
      200,
      200,
      200,
      200,
      200,
      200,
      200,
      200,
      200,
      200,
      200,
      200,
      200,
      200,
      200,
      200,
      200,
      200,
      200,
      200,
      200,
      429,
      429,
      429,
      429,
      429
    ],
    "counts": {
      "200": 30,
      "429": 5
    },
    "first429At": 31,
    "totalMs": 122.4359999999997,
    "avgMs": 3.49817142857142
  }
}
