{
  "singleRow": {
    "runsMs": [
      985.5087000000001,
      0.19329999999990832,
      0.3058000000000902,
      0.21280000000001564,
      0.4478999999998905
    ],
    "firstRunMs": 985.5087000000001,
    "medianMs": 0.3058000000000902,
    "avgMs": 197.3337,
    "p95Ms": 0.4478999999998905,
    "riskLevelReturned": true
  },
  "bulk1000": {
    "runsMs": [
      5.4461999999998625,
      2.8985000000000127,
      3.0371999999999844,
      2.9592999999999847,
      3.1784999999999854
    ],
    "avgMs": 3.503939999999966,
    "medianMs": 3.0371999999999844,
    "p95Ms": 3.1784999999999854,
    "riskSet": [
      "LOW",
      "MEDIUM",
      "HIGH"
    ],
    "speedSet": [
      15,
      25,
      35,
      45
    ]
  },
  "concurrency": {
    "requests": 20,
    "rowsPerRequest": 100,
    "totalMs": 7.96329999999989,
    "avgPerRequestMs": 0.3981649999999945,
    "success": 20,
    "failures": 0
  },
  "csv": {
    "logPath": "C:\\Projects\\Lifeline\\tools\\Added Features Testing\\results\\20260310-231440\\raw\\artifacts\\routing-risk-benchmark.csv",
    "offRunsMs": [
      2.7075999999999567,
      2.141300000000001,
      1.8179000000000087,
      6.05399999999986,
      3.4863000000000284
    ],
    "onRunsMs": [
      14.820699999999988,
      9.192799999999806,
      8.719000000000051,
      9.03370000000018,
      7.4891999999999825
    ],
    "offAvgMs": 3.241419999999971,
    "onAvgMs": 9.851080000000001,
    "overheadPct": 203.91248280075058,
    "header": "timestamp,model_available,routing_cost,risk_level,recommended_speed_kph,flood_depth_5yr,rainfall_mm,is_raining,bridge,road_priority,feature_order",
    "firstDataRow": "2026-03-10T15:14:42.473Z,1,2.300000,LOW,45,0.000000,0.000000,0,1,0,flood_depth_5yr|rainfall_mm|is_raining|bridge|road_priority",
    "dataRows": 5000
  }
}
